Virus name,Accession ID,Collection date,Location,Host,Passage,Specimen,Additional host information,Sequencing technology,Assembly method,Comment,Comment type,Lineage,Clade,Gender,Patient age,Patient status,AA Substitutions
hCoV-19/Netherlands/Oisterwijk_1364072/2020,EPI_ISL_413580,2/3/2020,Europe / Netherlands / Noord-Brabant / Oisterwijk,Human,Original,,,Nanopore,,Gap of 3 nucleotides when compared to the reference WIV04 sequence.,info,B,L,unknown,unknown,unknown,(NSP2_D268del)
hCoV-19/Australia/NSW14/2020,EPI_ISL_413600,3/3/2020,Oceania / Australia / New South Wales / Sydney,Human,Original,Sputum,,Illumina,Geneious Prime,,,B.4,O,Female,41,Recovering,"(NSP2_V198I,NSP15_I143V,NSP6_L37F)"
hCoV-19/USA/WA13-UW9/2020,EPI_ISL_413601,2/3/2020,North America / USA / Washington,Human,Original,,,Illumina NextSeq,Geneious Prime 2020.0.5,,,A.1,S,unknown,unknown,unknown,"(NSP13_P504L,NSP13_Y541C,NS8_L84S)"
hCoV-19/USA/WA-UW-1722/2020,EPI_ISL_424234,21/3/2020,North America / USA / Washington,Human,Original,,,unknown,,,,B.1,GH,unknown,unknown,unknown,"(NSP15_V127F,NSP3_R1614K,NS3_Q57H,NSP2_T85I,NSP12_P323L,Spike_D614G,NSP16_G265V)"
hCoV-19/USA/WA-UW-1733/2020,EPI_ISL_424235,21/3/2020,North America / USA / Washington,Human,Original,,,unknown,,,,B.1.371,GH,unknown,unknown,unknown,"(NS3_Q57H,NSP3_V1312I,NSP2_T85I,NSP12_P323L,Spike_D614G)"
hCoV-19/USA/WA-UW-1732/2020,EPI_ISL_424236,21/3/2020,North America / USA / Washington,Human,Original,,,unknown,,,,B.1,GH,unknown,unknown,unknown,"(NS3_Q57H,NSP2_T85I,NSP12_P323L,Spike_D614G)"
hCoV-19/USA/WA-UW-1739/2020,EPI_ISL_424237,21/3/2020,North America / USA / Washington,Human,Original,,,unknown,,,,B.1,GH,unknown,unknown,unknown,"(NS3_Q57H,NSP2_T85I,NSP12_P323L,Spike_D614G)"
hCoV-19/USA/WA-UW-1741/2020,EPI_ISL_424238,21/3/2020,North America / USA / Washington,Human,Original,,,unknown,,,,B.1.371,GH,unknown,unknown,unknown,"(NS3_Q57H,NSP2_T85I,NSP12_P323L,Spike_D614G,NSP13_V226L)"
hCoV-19/England/NOTT-10E5A8/2020,EPI_ISL_425565,26/3/2020,Europe / United Kingdom / England,Human,Original,,,Oxford Nanopore GridION,,,,B.1.1,GR,Female,31,unknown,"(N_R203K,N_G204R,NSP12_P323L,Spike_D614G)"
hCoV-19/England/NOTT-10E5B7/2020,EPI_ISL_425566,26/3/2020,Europe / United Kingdom / England,Human,Original,,,Oxford Nanopore GridION,,,,B.1.1,GR,Male,54,unknown,"(N_R203K,N_G204R,NSP12_P323L,Spike_D614G)"
hCoV-19/England/NOTT-10E5C6/2020,EPI_ISL_425567,23/3/2020,Europe / United Kingdom / England,Human,Original,,,Oxford Nanopore GridION,,,,B.1.1.41,GR,Male,52,unknown,"(NSP3_T1198K,N_R203K,N_G204R,NSP12_P323L,Spike_D614G)"
hCoV-19/England/NOTT-10E5D5/2020,EPI_ISL_425568,22/3/2020,Europe / United Kingdom / England,Human,Original,,,Oxford Nanopore GridION,,,,B.1.1.41,GR,Female,81,unknown,"(NSP3_D714N,NSP3_T1198K,N_R203K,N_G204R,NSP12_P323L,Spike_D614G)"
hCoV-19/England/NOTT-10E5E4/2020,EPI_ISL_425569,23/3/2020,Europe / United Kingdom / England,Human,Original,,,Oxford Nanopore GridION,,Stretches of NNNs (1.51% of overall sequence). Gap of 3 nucleotides when compared to the reference WIV04 sequence.,warn,B.23,L,Female,84,unknown,"(NSP15_A217V,NSP1_V56I,NSP6_I168V,NSP2_D268del)"
hCoV-19/Australia/NT12/2020,EPI_ISL_426900,25/3/2020,Oceania / Australia / Northern Territory,Human,Original,,,Illumina NextSeq 550,"ARTIC v3 amplicons, NexteraXT library, minimap2 v2.17, ivar v1.2, samtools v1.10",,,B.1,G,unknown,unknown,unknown,"(NSP15_A283V,NSP12_P323L,Spike_D614G)"
hCoV-19/Australia/NT13/2020,EPI_ISL_426901,25/3/2020,Oceania / Australia / Northern Territory,Human,Original,,,Illumina NextSeq 550,"ARTIC v3 amplicons, NexteraXT library, minimap2 v2.17, ivar v1.2, samtools v1.10",,,B.1,G,unknown,unknown,unknown,"(NSP15_A283V,NSP12_P323L,Spike_D614G)"
hCoV-19/Australia/NT14/2020,EPI_ISL_426902,26/3/2020,Oceania / Australia / Northern Territory,Human,Original,,,Illumina NextSeq 550,"ARTIC v3 amplicons, NexteraXT library, minimap2 v2.17, ivar v1.2, samtools v1.10",Stretches of NNNs (1.89% of overall sequence).,warn,B.40,V,unknown,unknown,unknown,"(NSP14_R163C,NSP3_K38R,NS3_G251V,NSP2_I559V,NSP2_P585S,NSP6_L37F)"
hCoV-19/Australia/NT16/2020,EPI_ISL_426903,24/3/2020,Oceania / Australia / Northern Territory,Human,Original,,,Illumina NextSeq 550,"ARTIC v3 amplicons, NexteraXT library, minimap2 v2.17, ivar v1.2, samtools v1.10",Stretches of NNNs (1.20% of overall sequence).,warn,B.1.8,G,unknown,unknown,unknown,"(NSP12_P323L,Spike_D614G)"
hCoV-19/Australia/NT17/2020,EPI_ISL_426904,24/3/2020,Oceania / Australia / Northern Territory,Human,Original,,,Illumina NextSeq 550,"ARTIC v3 amplicons, NexteraXT library, minimap2 v2.17, ivar v1.2, samtools v1.10",,,B.1.8,G,unknown,unknown,unknown,"(NSP12_P323L,Spike_D614G)"
hCoV-19/Australia/VIC390/2020,EPI_ISL_426905,23/3/2020,Oceania / Australia / Victoria,Human,Original,,,Illumina NextSeq 550,"ARTIC v1 amplicons, NexteraXT library, minimap2 v2.17, ivar v1.2, samtools v1.10",Stretches of NNNs (2.98% of overall sequence).,warn,B.6.6,O,Male,49,unknown,"(NSP3_S1197R,NSP12_A97V,NSP3_T1198K,NSP12_T739I,N_P13L,NSP6_L37F)"
hCoV-19/Australia/VIC473/2020,EPI_ISL_426906,28/3/2020,Oceania / Australia / Victoria,Human,Original,,,Illumina NextSeq 550,"ARTIC v3 amplicons, NexteraXT library, minimap2 v2.17, ivar v1.2, samtools v1.10",,,B.1.1,GR,Male,23,unknown,"(N_R203K,N_S193I,N_G204R,NSP12_P323L,Spike_D614G)"
hCoV-19/Australia/VIC475/2020,EPI_ISL_426907,28/3/2020,Oceania / Australia / Victoria,Human,Original,,,Illumina NextSeq 550,"ARTIC v3 amplicons, NexteraXT library, minimap2 v2.17, ivar v1.2, samtools v1.10",,,B.1.23,G,Female,35,unknown,"(NSP12_P323L,Spike_D614G)"
hCoV-19/Australia/VIC476/2020,EPI_ISL_426908,28/3/2020,Oceania / Australia / Victoria,Human,Original,,,Illumina NextSeq 550,"ARTIC v3 amplicons, NexteraXT library, minimap2 v2.17, ivar v1.2, samtools v1.10",Stretches of NNNs (1.61% of overall sequence).,warn,B.1.23,G,Male,71,unknown,"(NSP1_G7D,NSP12_P323L,Spike_D614G)"
hCoV-19/Australia/VIC477/2020,EPI_ISL_426909,28/3/2020,Oceania / Australia / Victoria,Human,Original,,,Illumina NextSeq 550,"ARTIC v3 amplicons, NexteraXT library, minimap2 v2.17, ivar v1.2, samtools v1.10",Stretches of NNNs (1.88% of overall sequence).,warn,B.1.23,G,Female,42,unknown,"(NSP12_P323L,Spike_A243S,Spike_D614G)"
hCoV-19/Australia/VIC478/2020,EPI_ISL_426910,28/3/2020,Oceania / Australia / Victoria,Human,Original,,,Illumina NextSeq 550,"ARTIC v3 amplicons, NexteraXT library, minimap2 v2.17, ivar v1.2, samtools v1.10",,,B.1.23,G,Male,67,unknown,"(NSP12_P323L,Spike_D614G)"
hCoV-19/Australia/VIC479/2020,EPI_ISL_426911,28/3/2020,Oceania / Australia / Victoria,Human,Original,,,Illumina NextSeq 550,"ARTIC v3 amplicons, NexteraXT library, minimap2 v2.17, ivar v1.2, samtools v1.10",Stretches of NNNs (3.73% of overall sequence). NSP11 without BLAST coverage.,warn,B.1.23,G,Female,69,unknown,"(NSP12_P323L,Spike_D614G)"